{"DAX": {"EPIC": "IX.D.DAX.IFMM.IP",
          "SYMBOL": "DE40",
          "OPTIONS": ["DX", "DXA", "AXD", "DAX", "DAXC"]},
"NASDAQ": {"EPIC": "IX.D.NASDAQ.IFE.IP",
          "SYMBOL": "USTEC",
          "OPTIONS": ["NASDAQ", "NASDQ", "NASDQ", "NASDQA", "NSDAQ", "NSDQ"]},
"FTSE": {"EPIC": "IX.D.FTSE.IFE.IP",
          "SYMBOL": "UK100",
          "OPTIONS": ["FTSE", "FSTE", "FTS", "STE ", "FFTSE", "FTES"]},
"DOW":  {"EPIC": "IX.D.DOW.IFE.IP",
          "SYMBOL": "US30",
          "OPTIONS": ["DOW", "DWO "]},
"BITCOIN": {"SYMBOL":  "BCHUSD",
          "OPTIONS": ["BITCOIN"]}
}