{
  "GENERAL": ["CLOSE", "CLSOE", "CLOS", "COLSE"],

  "CLOSE SPECIFIC TRADES": ["CLOSE (ON )?(NASDAQ|DOW|FTSE|DAX)",
                            "CLOSE(D)? [A-Z]{3,10} ( )?(AT|FOR|NOW)",
                            "CLOSING [A-Z]{3,10} INDEX",
                            "CLOS(ING|ED|E) (THIS )?ONE",
                            "CLOSE THE OTHER HALF",
                            "[A-Z]{3,10} CLOSE(D)? (AT|FOR|NOW)"],

  "CLOSE ALL INDEX TRADES": ["CLOSE(D)? (FOR|AT|NOW)",
                            "CLOS(ING|E)( IT)? ALL",
                            "ALL CLOS(ED)?"],

  "CLOSE ALL TRADE": ["NO OPEN POSITION(S)?"],

  "STOP LOSS ALERT": ["STOP (TO|ON)",
                      "STOP LOSS( TO)?"],

  "PARTIAL CLOSE": ["TAKE SOME PROFIT",
                    "TAKE PROFIT ON",
                    "CLOS(ING|E)? HALF"],

  "CLOSE MOST PREVIOUS TRADES": ["CLOSE ((1|2|3|4|ONE|TWO|THREE|FOUR)(?![0-9]{1}))",
                                  "CLOSE(D)? LAST (TWO)?",
                                 "CLOSE LAST [A-Z]{3-10}"]
}